Contract,Expiry,Month,Code,BB Suffix,BB Ticker,Region,Description,Last,Net Ch,Time,High,Low,NAME,Full Description,FUT_GEN_MONTH,NAME,ID_BB_GLOBAL_COMPANY_NAME,COUNTRY,COUNTRY_ISO,COUNTRY_FULL_NAME,NEWS_TOPIC,TODAY_DT,FUT_TRADING_HRS,FUT_FIRST_TRADE_DT,FUT_ROLL_DT,FEED_CODE,ID_BB,ID_BB_SEC_NUM,ID_EXCH_SYMBOL,PRICE_LAST_TIME,ID_ISIN,ID_MIC_PRIM_EXCH,SECURITY_DES,SHORT_NAME,SECURITY_NAME,SECURITY_NAME_LANG,FUT_LONG_NAME,SECURITY_DESCRIPTION_RT,TICKER,UNDL_SPOT_TICKER,TICKER_RT,FUT_CONT_SIZE,FUT_NUM_GEN_AVAIL,CRNCY,QUOTE_UNITS,FUT_DLV_DT_FIRST,FUT_DLV_DT_LAST,LAST_TRADEABLE_DT,FUT_DAYS_EXPIRE,FUT_ACT_DAYS_EXP,FUT_MONTH_YR,FUT_CONTRACT_DT,CURRENT_CONTRACT_MONTH_YR,MARKET_SECTOR_DES,MARKET_SECTOR,UNDL_MARKET_SECTOR,BB_COUNTRY_CODE,CALENDAR_CODE,CDR_SETTLE_CODE,CASH_SETTLED,CASH_SETTLED_RT
DM,Mar17,H7,DMH7,Index,DMH7 Index,US,Dow Jones mini,17850,32,0.383333333,17860,17782,DJIA MINI e-CBOT,CBOT $5 Mini Dow Jones Industrial Average e-CBOT Future,HMUZ,DJIA MINI e-CBOT  Sep16,CBOT $5 Mini Dow Jones Industrial Average e-CBOT Future,US,US,UNITED STATES,USS,23/01/2017,23:00-22:00,18/03/2016,17/03/2017,CBOT,DMH7,60312140,YM,09:14:06,#N/A Field Not Applicable,XCBT,DMH7,DJIA MINI e-CBOT  Mar17,DJIA MINI e-CBOT  Mar17,1,DJIA MINI e-CBOT  Mar17,DMH7,DMH7,INDU,DMH7,5,4,USD,index points,17/03/2017,17/03/2017,17/03/2017,56,53,MAR 17,03/2017,MAR 17,Index,9,9,US,CB,CB,Y,TRUE
SP,Mar17,H7,SPH7,COMB Index,SPH7 COMB Index,US,S&P 500,2094.6,2.6,0.374305556,2096,2088,S&P 500 FUTURE,CME Standard & Poor's 500 Index Future,HMUZ,S&P 500 FUTURE    Sep16,CME Standard & Poor's 500 Index Future,US,US,UNITED STATES,USS,23/01/2017,23:00-22:00 & 14:30-21:15,20/03/2015,16/03/2017,CME,SPH7,49627205,SP,09:13:32,#N/A Field Not Applicable,XCME,SPH7 COMB,S&P 500 FUTURE    Mar17,S&P 500 FUTURE    Mar17,1,S&P 500 FUTURE    Mar17,SPH7 COMB,SPH7,SPX,SPH7,250,11,USD,index points,17/03/2017,17/03/2017,16/03/2017,55,52,MAR 17,03/2017,MAR 17,Index,9,9,US,CE,CE,Y,TRUE
ES,Mar17,H7,ESH7,Index,ESH7 Index,US,S&P 500 mini,2096.25,4.25,0.383333333,2097.25,2087.5,S&P500 EMINI FUT,CME E-Mini Standard & Poor's 500 Index Future,HMUZ,S&P500 EMINI FUT  Sep16,CME E-Mini Standard & Poor's 500 Index Future,US,US,UNITED STATES,USS,23/01/2017,23:00-22:00,18/12/2015,17/03/2017,CME,ESH7,57543397,ES,09:14:10,#N/A Field Not Applicable,XCME,ESH7,S&P500 EMINI FUT  Mar17,S&P500 EMINI FUT  Mar17,1,S&P500 EMINI FUT  Mar17,ESH7,ESH7,SPX,ESH7,50,5,USD,index points,17/03/2017,17/03/2017,17/03/2017,55,53,MAR 17,03/2017,MAR 17,Index,9,9,US,CE,CE,Y,TRUE
NQ,Mar17,H7,NQH7,Index,NQH7 Index,US,NASDAQ 100 mini,4463.75,11.5,0.383333333,4466,4439.75,NASDAQ 100 E-MINI,CME E-Mini NASDAQ 100 Index Future,HMUZ,NASDAQ 100 E-MINI Sep16,CME E-Mini NASDAQ 100 Index Future,US,US,UNITED STATES,USS,23/01/2017,23:00-22:00,18/12/2015,17/03/2017,CME,NQH7,57543415,NQ,09:14:09,#N/A Field Not Applicable,XCME,NQH7,NASDAQ 100 E-MINI Mar17,NASDAQ 100 E-MINI Mar17,1,NASDAQ 100 E-MINI Mar17,NQH7,NQH7,NDX,NQH7,20,5,USD,index points,17/03/2017,17/03/2017,17/03/2017,55,53,MAR 17,03/2017,MAR 17,Index,9,9,US,CE,CE,Y,TRUE
FA,Mar17,H7,FAH7,Index,FAH7 Index,US,S&P 400 mini,1495,6.4,0.381944444,1495.5,1488,S&P MID 400 EMINI,CME E-Mini Standard & Poor's MidCap 400 Index Future,HMUZ,S&P MID 400 EMINI Sep16,CME E-Mini Standard & Poor's MidCap 400 Index Future,US,US,UNITED STATES,#N/A N/A,23/01/2017,23:00-22:00,18/12/2015,17/03/2017,CME,FAH7,57543398,EMD,09:13:56,#N/A Field Not Applicable,XCME,FAH7,S&P MID 400 EMINI Mar17,S&P MID 400 EMINI Mar17,1,S&P MID 400 EMINI Mar17,FAH7,FAH7,MID,FAH7,100,5,USD,index points,17/03/2017,17/03/2017,17/03/2017,55,53,MAR 17,03/2017,MAR 17,Index,9,9,US,CE,CE,Y,TRUE
RM,Mar17,H7,RMH7,Index,RMH7 Index,US,Russell 1000 mini,1157.6,-0.9,42558,1162.9,1152.3,RUSSELL 1000 MINI,NYBOT NYF Russell 1000 Mini Index Future,HMUZ,RUSSELL 1000 MINI Sep16,NYBOT NYF Russell 1000 Mini Index Future,US,US,UNITED STATES,#N/A N/A,23/01/2017,01:00-23:00,21/03/2016,17/03/2017,ICE US,RMH7,60554240,RF,18:00:00,#N/A Field Not Applicable,IFUS,RMH7,RUSSELL 1000 MINI Mar17,RUSSELL 1000 MINI Mar17,1,RUSSELL 1000 MINI Mar17,RMH7,RMH7,RIY,RMH7,50,4,USD,index points,17/03/2017,17/03/2017,17/03/2017,55,53,MAR 17,03/2017,MAR 17,Index,9,9,US,NB,NB,Y,TRUE
RTA,Mar17,H7,RTAH7,Index,RTAH7 Index,US,Russell 2000 mini,1150.9,4.8,0.383333333,1151.3,1144.3,Russell 2000 Mini,NYBOT NYF Mini Russell 2000 Index Future,HMUZ,Russell 2000 Mini Sep16,NYBOT NYF Mini Russell 2000 Index Future,US,US,UNITED STATES,USS,23/01/2017,01:00-23:00,21/03/2016,17/03/2017,ICE US,RTAH7,60556267,TF,09:14:05,#N/A Field Not Applicable,IFUS,RTAH7,Russell 2000 Mini Mar17,Russell 2000 Mini Mar17,1,Russell 2000 Mini Mar17,RTAH7,RTAH7,RTY,RTAH7,50,4,USD,index points,17/03/2017,17/03/2017,17/03/2017,55,53,MAR 17,03/2017,MAR 17,Index,9,9,US,NB,NB,Y,TRUE
SU,Mar17,H7,SUH7,Index,SUH7 Index,US,S&P Citi Value,908.1,-1.6,42558,,,S&P Citigrp Value,CME Standard & Poor's Barra Value Index Future,HMUZ,S&P Citigrp Value Sep16,CME Standard & Poor's Barra Value Index Future,US,US,UNITED STATES,#N/A N/A,23/01/2017,23:00-22:00,16/09/2016,16/03/2017,CME,SUH7,65684412,SU,14:03:10,#N/A Field Not Applicable,XCME,SUH7,S&P Citigrp Value Mar17,S&P Citigrp Value Mar17,1,S&P Citigrp Value Mar17,SUH7,SUH7,IVX,SUH7,250,2,USD,index points,16/03/2017,16/03/2017,16/03/2017,55,52,MAR 17,03/2017,MAR 17,Index,9,9,US,CE,CE,Y,TRUE
SG,Mar17,H7,SGH7,Index,SGH7 Index,US,S&P Citi Growth,1175.2,0.2,42558,,,S&P CitiGrp Growt,CME Standard & Poor's Barra Growth Index Future,HMUZ,S&P CitiGrp Growt Sep16,CME Standard & Poor's Barra Growth Index Future,US,US,UNITED STATES,#N/A N/A,23/01/2017,23:00-22:00,16/09/2016,16/03/2017,CME,SGH7,65684415,SG,14:03:33,#N/A Field Not Applicable,XCME,SGH7,S&P CitiGrp Growt Mar17,S&P CitiGrp Growt Mar17,1,S&P CitiGrp Growt Mar17,SGH7,SGH7,IGX,SGH7,250,4,USD,index points,16/03/2017,16/03/2017,16/03/2017,55,52,MAR 17,03/2017,MAR 17,Index,9,9,US,CE,CE,Y,TRUE
PT,Mar17,H7,PTH7,Index,PTH7 Index,Canada,S&P/TSX Comp,818.5,-5.5,42558,825.5,815.1,S&P/TSX 60 IX FUT,Montreal Exchange S&P/TSX 60 Index Future,HMUZ,S&P/TSX 60 IX FUT Sep16,Montreal Exchange S&P/TSX 60 Index Future,CA,CA,CANADA,#N/A N/A,23/01/2017,11:00-14:15 & 14:30-21:15,18/03/2016,16/03/2017,MONTREAL,PTH7,4879204,SXF,09:02:19,#N/A Field Not Applicable,XMOD,PTH7,S&P/TSX 60 IX FUT Mar17,S&P/TSX 60 IX FUT Mar17,1,S&P/TSX 60 IX FUT Mar17,PTH7,PTH7,SPTSX60,PTH7,200,4,CAD,index points,17/03/2017,17/03/2017,16/03/2017,55,52,MAR 17,03/2017,MAR 17,Index,9,9,CA,ML,ML,Y,TRUE
BZ,Feb17,G7,BZG7,Index,BZG7 Index,Brazil,IBOVESPA,52735,76,42558,53465,52560,BOVESPA INDEX FUT,BMF Ibovespa Index Future,GJMQVZ,BOVESPA INDEX FUT Aug16,BMF Ibovespa Index Future,BR,BR,BRAZIL,BZS,23/01/2017,11:00-20:10,02/04/2015,15/02/2017,BMF,BZG7,53888059,IND,09:08:46,BRBMEFIBV293,BVMF,BZG7,BOVESPA INDEX FUT Feb17,BOVESPA INDEX FUT Feb17,1,BOVESPA INDEX FUT Feb17,BZG7,BZG7,IBOV,BZG7,1,15,BRL,index points,15/02/2017,15/02/2017,15/02/2017,24,23,FEB 17,02/2017,FEB 17,Index,9,9,BZ,B3,B3,Y,TRUE
IS,Mar17,H7,ISH7,Index,ISH7 Index,Mexico,MEX IPC,45614,120,42558,45865,45430,MEX BOLSA IDX FUT,MexDer Mexican Bolsa Index Future,HMUZ,MEX BOLSA IDX FUT Sep16,MexDer Mexican Bolsa Index Future,MX,MX,MEXICO,MMS,23/01/2017,13:30-21:00,22/03/2016,17/03/2017,MEXICO,ISH7,60554259,IPC,18:03:35,#N/A Field Not Applicable,XEMD,ISH7,MEX BOLSA IDX FUT Mar17,MEX BOLSA IDX FUT Mar17,1,MEX BOLSA IDX FUT Mar17,ISH7,ISH7,MEXBOL,ISH7,10,4,MXN,MXN x index,21/03/2017,21/03/2017,17/03/2017,56,53,MAR 17,03/2017,MAR 17,Index,9,9,MX,M$,M$,Y,TRUE
IPA,Mar17,H7,IPAH7,Index,IPAH7 Index,Chile,IPSA,4027.7,-21.6,42558,,,IPSA Index Future,IPSA MINI Index Future,FGHJKMQUVXZ,IPSA Index Future Sep16,IPSA MINI Index Future,CL,CL,CHILE,#N/A N/A,23/01/2017,13:40-21:00,30/03/2016,15/03/2017,CHILE,IPAH7,60976359,IPSA,07:14:02,#N/A Field Not Applicable,XSGO,IPAH7,IPSA Index Future Mar17,IPSA Index Future Mar17,1,IPSA Index Future Mar17,IPAH7,IPAH7,IPSA,IPAH7,3000,4,CLP,#N/A N/A,15/03/2017,15/03/2017,15/03/2017,#N/A N/A,51,MAR 17,03/2017,MAR 17,Index,9,9,CL,S4,S4,N,FALSE
IPB,Mar17,H7,IPBH7,Index,IPBH7 Index,Chile,IPSA mini,4027.7,-21.6,42558,,,IPSA Mini Index,IPSA Index Future,FGHJKMNQUVXZ,IPSA Mini Index   Sep16,IPSA Index Future,CL,CL,CHILE,#N/A N/A,23/01/2017,13:30-20:00,21/03/2016,17/03/2017,CHILE,IPBH7,60554243,IPSAM,07:14:02,#N/A Field Not Applicable,XSGO,IPBH7,IPSA Mini Index   Mar17,IPSA Mini Index   Mar17,1,IPSA Mini Index   Mar17,IPBH7,IPBH7,IPSA,IPBH7,300,5,CLP,#N/A N/A,17/03/2017,17/03/2017,17/03/2017,#N/A N/A,53,MAR 17,03/2017,MAR 17,Index,9,9,CL,S4,S4,Y,TRUE
,,,,,,,,,,,,,,,,,,,,,,,,,,,,,,,,,,,,,,,,,,,,,,,,,,,,,,,,,,,,,
VG,Mar17,H7,VGH7,Index,VGH7 Index,EUROPE,EURO STOXX 50,2783,9,0.381944444,2787,2758,EURO STOXX 50,Eurex EURO STOXX 50 Future,HMUZ,EURO STOXX 50     Sep16,Eurex EURO STOXX 50 Future,DE,DE,GERMANY,EURSTK,23/01/2017,06:50-21:00,17/06/2016,17/03/2017,EUREX,VGH7,4201611,FESX,09:09:01,DE0009652388,XEUR,VGH7,EURO STOXX 50     Mar17,EURO STOXX 50     Mar17,1,EURO STOXX 50     Mar17,VGH7,VGH7,SX5E,VGH7,10,3,EUR,index points,17/03/2017,17/03/2017,17/03/2017,55,53,MAR 17,03/2017,MAR 17,Index,9,9,GE,DT,DT,Y,TRUE
VH,Mar17,H7,VHH7,Index,VHH7 Index,EUROPE,STOXX 50,2742,-4,0.379861111,2745,2738,STOXX 50 FUTR,Eurex STOXX 50 Index Future,HMUZ,STOXX 50 FUTR     Sep16,Eurex STOXX 50 Index Future,DE,DE,GERMANY,#N/A N/A,23/01/2017,06:50-21:00,17/06/2016,17/03/2017,EUREX,VHH7,4201615,FSTX,09:04:38,DE0009652362,XEUR,VHH7,STOXX 50 FUTR     Mar17,STOXX 50 FUTR     Mar17,1,STOXX 50 FUTR     Mar17,VHH7,VHH7,SX5P,VHH7,10,3,EUR,index points,17/03/2017,17/03/2017,17/03/2017,55,53,MAR 17,03/2017,MAR 17,Index,9,9,GE,DT,DT,Y,TRUE
FI,Mar17,H7,FIH7,Index,FIH7 Index,EUROPE,FTSEUROFIRST 80,3750.5,29,42558,,,FTSEUROFIRST 80,LIFFE FTSEurofirst 80 Index Future,HMUZ,FTSEUROFIRST 80   Sep16,LIFFE FTSEurofirst 80 Index Future,FR,FR,FRANCE,#N/A N/A,23/01/2017,07:00-19:00,20/06/2016,17/03/2017,LIFFE,FIH7,63176802,FEF,16:53:00,#N/A N/A,XMON,FIH7,FTSEUROFIRST 80   Mar17,FTSEUROFIRST 80   Mar17,1,FTSEUROFIRST 80   Mar17,FIH7,FIH7,FTEF80,FIH7,10,3,EUR,index points,20/03/2017,20/03/2017,17/03/2017,55,53,MAR 17,03/2017,MAR 17,Index,9,9,FR,PA,PA,Y,TRUE
EP,Mar17,H7,EPH7,Index,EPH7 Index,EUROPE,FTSEUROFIRST 100,3567.5,35.5,42558,,,FTSEUROFIRST 100,LIFFE FTSEurofirst 100 Index Future,HMUZ,FTSEUROFIRST 100  Sep16,LIFFE FTSEurofirst 100 Index Future,FR,FR,FRANCE,#N/A N/A,23/01/2017,07:00-19:00,20/06/2016,17/03/2017,LIFFE,EPH7,63175255,FEO,16:53:00,#N/A N/A,XMON,EPH7,FTSEUROFIRST 100  Mar17,FTSEUROFIRST 100  Mar17,1,FTSEUROFIRST 100  Mar17,EPH7,EPH7,FTEFC1,EPH7,10,#N/A Field Not Applicable,EUR,index points,20/03/2017,20/03/2017,17/03/2017,55,53,MAR 17,03/2017,MAR 17,Index,9,9,FR,PA,PA,Y,TRUE
GX,Mar17,H7,GXH7,Index,GXH7 Index,Germany,DAX,9466,53,0.381944444,9477,9356.5,DAX INDEX FUTURE,Eurex DAX Index Future,HMUZ,DAX INDEX FUTURE  Sep16,Eurex DAX Index Future,DE,DE,GERMANY,GRS,23/01/2017,06:50-21:00,20/06/2016,17/03/2017,EUREX,GXH7,4201602,FDAX,09:09:09,DE0008469594,XEUR,GXH7,DAX INDEX FUTURE  Mar17,DAX INDEX FUTURE  Mar17,1,DAX INDEX FUTURE  Mar17,GXH7,GXH7,DAX,GXH7,25,3,EUR,index points,17/03/2017,17/03/2017,17/03/2017,55,53,MAR 17,03/2017,MAR 17,Index,9,9,GE,DT,DT,Y,TRUE
DP,Mar17,H7,DPH7,Index,DPH7 Index,Germany,TecDAX STOCK,1590.5,11,0.359027778,1590.5,1589,TecDAX STOCK IND,Eurex TecDAX Stock Index Future,HMUZ,TecDAX STOCK IND  Sep16,Eurex TecDAX Stock Index Future,DE,DE,GERMANY,#N/A N/A,23/01/2017,06:50-21:00,17/06/2016,17/03/2017,EUREX,DPH7,63175258,FTDX,07:22:23,DE0002270287,XEUR,DPH7,TecDAX STOCK IND  Mar17,TecDAX STOCK IND  Mar17,1,TecDAX STOCK IND  Mar17,DPH7,DPH7,TDXP,DPH7,10,3,EUR,index points,20/03/2017,20/03/2017,17/03/2017,55,53,MAR 17,03/2017,MAR 17,Index,9,9,GE,DT,DT,Y,TRUE
MF,Mar17,H7,MFH7,Index,MFH7 Index,Germany,MDAX INDEX,19380,4,0.375,19410,19322,MDAX INDEX FUT,Eurex MDAX Index Future,HMUZ,MDAX INDEX FUT    Sep16,Eurex MDAX Index Future,DE,DE,GERMANY,#N/A N/A,23/01/2017,06:50-21:00,20/06/2016,17/03/2017,EUREX,MFH7,63176795,F2MX,09:08:38,DE000A0BRCY6,XEUR,MFH7,MDAX INDEX FUT    Mar17,MDAX INDEX FUT    Mar17,1,MDAX INDEX FUT    Mar17,MFH7,MFH7,MDAX,MFH7,5,3,EUR,index points,17/03/2017,17/03/2017,17/03/2017,55,53,MAR 17,03/2017,MAR 17,Index,9,9,GE,DT,DT,Y,TRUE
Z ,Mar17,H7,Z H7,Index,Z H7 Index,UK,FTSE 100,6500,9.5,0.385416667,6504.5,6461,FTSE 100 IDX FUT,FTSE 100 Index Future,HMUZ,FTSE 100 IDX FUT  Sep16,FTSE 100 Index Future,GB,GB,BRITAIN,LNS,23/01/2017,01:00-21:00,21/03/2016,17/03/2017,ICE EUR,Z H7,60551612,Z,09:14:07,#N/A N/A,IFLL,Z H7,FTSE 100 IDX FUT  Mar17,FTSE 100 IDX FUT  Mar17,1,FTSE 100 IDX FUT  Mar17,Z H7,Z H7,UKX,Z H7,10,4,GBP,index points,17/03/2017,17/03/2017,17/03/2017,55,53,MAR 17,03/2017,MAR 17,Index,9,9,GB,IP,IP,Y,TRUE
CF,Feb17,G7,CFG7,Index,CFG7 Index,France,CAC 40,4131.5,14.5,0.381944444,4134,4094.5,CAC40 10 EURO FUT,Euronext CAC 40 Index Future,FGHJKMNQUVXZ,CAC40 10 EURO FUT Jul16,Euronext CAC 40 Index Future,FR,FR,FRANCE,FPS,23/01/2017,07:00-21:00,21/11/2016,17/02/2017,LIFFE,CFG7,68008487,FCE,09:09:07,#N/A N/A,XMON,CFG7,CAC40 10 EURO FUT Feb17,CAC40 10 EURO FUT Feb17,1,CAC40 10 EURO FUT Feb17,CFG7,CFG7,CAC,CFG7,10,14,EUR,index points,20/02/2017,20/02/2017,17/02/2017,27,25,FEB 17,02/2017,FEB 17,Index,9,9,FR,PA,PA,Y,TRUE
SW,Mar17,H7,SWH7,Index,SWH7 Index,Italy,MINI FTSE/MIB,15650,227,0.381944444,15650,15335,MINI FTSE/MIB FUT,Milan Stock Exchange Mini S&P/MIB Index Future,HMUZ,MINI FTSE/MIB FUT Sep16,Milan Stock Exchange Mini S&P/MIB Index Future,IT,IT,ITALY,IMS,23/01/2017,08:00-16:40,19/09/2016,17/03/2017,Italy,SWH7,3769022,MINI,09:09:09,IT0013262297,XDMI,SWH7,MINI FTSE/MIB FUT Mar17,MINI FTSE/MIB FUT Mar17,1,MINI FTSE/MIB FUT Mar17,SWH7,SWH7,FTSEMIB,SWH7,1,2,EUR,index points,17/03/2017,17/03/2017,17/03/2017,55,53,MAR 17,03/2017,MAR 17,Index,9,9,IT,MI,MI,Y,TRUE
ST,Mar17,H7,STH7,Index,STH7 Index,Italy,FTSE MIB,15645,222,0.381944444,15645,15330,FTSE/MIB IDX FUT,FTSE/MIB Index Future,HMUZ,FTSE/MIB IDX FUT  Sep16,FTSE/MIB Index Future,IT,IT,ITALY,IMS,23/01/2017,08:00-16:50,21/03/2016,17/03/2017,Italy,STH7,3768802,FTMIB,09:09:10,IT0012922958,XDMI,STH7,FTSE/MIB IDX FUT  Mar17,FTSE/MIB IDX FUT  Mar17,1,FTSE/MIB IDX FUT  Mar17,STH7,STH7,FTSEMIB,STH7,5,4,EUR,index points,17/03/2017,17/03/2017,17/03/2017,55,53,MAR 17,03/2017,MAR 17,Index,9,9,IT,MI,MI,Y,TRUE
EO,Feb17,G7,EOG7,Index,EOG7 Index,Netherlands,AEX,427.35,1.05,0.381944444,427.6,423.8,AMSTERDAM IDX FUT,Euronext Amsterdam Index Future,FGHJKMNQUVXZ,AMSTERDAM IDX FUT Jul16,Euronext Amsterdam Index Future,NL,NL,NETHERLANDS,NAS,23/01/2017,07:00-21:00,21/11/2016,17/02/2017,LIFFE,EOG7,4411838,FTI,09:09:04,#N/A N/A,XEUE,EOG7,AMSTERDAM IDX FUT Feb17,AMSTERDAM IDX FUT Feb17,1,AMSTERDAM IDX FUT Feb17,EOG7,EOG7,AEX,EOG7,200,6,EUR,index points,17/02/2017,17/02/2017,17/02/2017,27,25,FEB 17,02/2017,FEB 17,Index,9,9,NE,AM,AM,Y,TRUE
QC,Feb17,G7,QCG7,Index,QCG7 Index,Sweden,OMX STKH30,1309,5.5,0.381944444,1309,1298,OMXS30 IND FUTURE,OML Stockholm OMXS30 Index Future,FGHJKMNQUVXZ,OMXS30 IND FUTURE Jul16,OML Stockholm OMXS30 Index Future,SE,SE,SWEDEN,SSS,23/01/2017,08:00-16:25,14/11/2016,17/02/2017,NORDIC,QCG7,68008535,OMXS30,09:09:09,SE0009294028,XSTO,QCG7,OMXS30 IND FUTURE Feb17,OMXS30 IND FUTURE Feb17,1,OMXS30 IND FUTURE Feb17,QCG7,QCG7,OMX,QCG7,100,7,SEK,index points,17/02/2017,17/02/2017,17/02/2017,27,25,FEB 17,02/2017,FEB 17,Index,9,9,SW,SW,SW,Y,TRUE
,,,,,,,,,,,,,,,,,,,,,,,,,,,,,,,,,,,,,,,,,,,,,,,,,,,,,,,,,,,,,
NK,Mar17,H7,NKH7,COMB Index,NKH7 COMB Index,Japan,NIKKEI 225 (OSE),15160,40,0.4,15210,15160,NIKKEI 225 (OSE),OSE Nikkei 225 Index Future,HMUZ,NIKKEI 225  (OSE) Sep16,OSE Nikkei 225 Index Future,JP,JP,JAPAN,JPS,23/01/2017,07:30-20:30 & 23:45-06:15,11/09/2015,09/03/2017,JAPAN,NKH7,54947769,NK225,09:04:06,#N/A Field Not Applicable,XOSE,NKH7 COMB,NIKKEI 225  (OSE) Mar17,NIKKEI 225  (OSE) Mar17,1,NIKKEI 225  (OSE) Mar17,NKH7 COMB,NKH7,NKY,NKH7,1000,5,JPY,index points,10/03/2017,10/03/2017,09/03/2017,47,45,MAR 17,03/2017,MAR 17,Index,9,9,JN,OK,OK,Y,TRUE
NI,Mar17,H7,NIH7,COMB Index,NIH7 COMB Index,Japan,NIKKEI 225 (SGX),15155,15,0.406944444,15210,15155,NIKKEI 225 (SGX),SGX Nikkei 225 Stock Index Future,HMUZ,NIKKEI 225  (SGX) Sep16,SGX Nikkei 225 Stock Index Future,SG,SG,SINGAPORE,JPS,23/01/2017,06:55-20:45 & 23:30-06:30,21/10/2013,09/03/2017,SIMEX,NIH7,37352549,NK,09:14:09,#N/A Field Not Applicable,XSIM,NIH7 COMB,NIKKEI 225  (SGX) Mar17,NIKKEI 225  (SGX) Mar17,1,NIKKEI 225  (SGX) Mar17,NIH7 COMB,NIH7,NKY,NIH7,500,26,JPY,index points,10/03/2017,10/03/2017,09/03/2017,47,45,MAR 17,03/2017,MAR 17,Index,9,9,SI,SG,SG,Y,TRUE
NX,Mar17,H7,NXH7,COMB Index,NXH7 COMB Index,Japan,NIKKEI 225 (CME),15230,-130,0.406944444,15455,15160,NIKKEI 225 (CME),CME Nikkei 225 Index Future,HMUZ,NIKKEI 225  (CME) Sep16,CME Nikkei 225 Index Future,US,US,UNITED STATES,JPS,23/01/2017,23:00-22:00,11/03/2016,09/03/2017,CME,NXH7,60161471,NKD,09:13:48,#N/A Field Not Applicable,XCME,NXH7 COMB,NIKKEI 225  (CME) Mar17,NIKKEI 225  (CME) Mar17,1,NIKKEI 225  (CME) Mar17,NXH7 COMB,NXH7,NKY,NXH7,5,4,USD,index points,09/03/2017,09/03/2017,09/03/2017,47,45,MAR 17,03/2017,MAR 17,Index,9,9,US,CE,CE,Y,TRUE
TP,Mar17,H7,TPH7,COMB Index,TPH7 COMB Index,Japan,TOPIX,1214,3,0.399305556,1218,1213.5,TOPIX INDX FUTR,TSE TOPIX (Tokyo Price Index) Future,HMUZ,TOPIX INDX FUTR   Sep16,TSE TOPIX (Tokyo Price Index) Future,JP,JP,JAPAN,JPS,23/01/2017,07:30-20:30 & 23:45-06:15,11/12/2015,09/03/2017,JAPAN,TPH7,56513129,TOPIX,09:04:10,#N/A Field Not Applicable,XOSE,TPH7 COMB,TOPIX INDX FUTR   Mar17,TOPIX INDX FUTR   Mar17,1,TOPIX INDX FUTR   Mar17,TPH7 COMB,TPH7,TPX,TPH7,10000,5,JPY,index points,10/03/2017,10/03/2017,09/03/2017,47,45,MAR 17,03/2017,MAR 17,Index,9,9,JN,OK,OK,Y,TRUE
TZ,Mar17,H7,TZH7,COMB Index,TZH7 COMB Index,Japan,TPX BANKS,121.6,-1.8,42589,,,TPX BANKS INDEX,TSE TOPIX Banks Index Future,HMUZ,TPX BANKS INDEX   Sep16,TSE TOPIX Banks Index Future,JP,JP,JAPAN,GINKO,23/01/2017,07:30-20:30 & 23:45-06:15,10/06/2016,09/03/2017,JAPAN,TZH7,63007950,BANK,01:30:34,#N/A Field Not Applicable,XOSE,TZH7 COMB,TPX BANKS INDEX   Mar17,TPX BANKS INDEX   Mar17,1,TPX BANKS INDEX   Mar17,TZH7 COMB,TZH7,TPNBNK,TZH7,10000,3,JPY,index points,10/03/2017,10/03/2017,09/03/2017,47,45,MAR 17,03/2017,MAR 17,Index,9,9,JN,OK,OK,Y,TRUE
NH,Mar17,H7,NHH7,Index,NHH7 Index,Japan,YEN DENOM NIKKEI,15155,-135,0.406944444,15375,15080,YEN DENOM NIKKEI,CME Yen Denominated Nikkei 225 Index Future,HMUZ,YEN DENOM NIKKEI  Sep16,CME Yen Denominated Nikkei 225 Index Future,US,US,UNITED STATES,JPS,23/01/2017,23:00-22:00,14/03/2014,09/03/2017,CME,NHH7,40614377,NIY,09:13:48,#N/A Field Not Applicable,XCME,NHH7,YEN DENOM NIKKEI  Mar17,YEN DENOM NIKKEI  Mar17,1,YEN DENOM NIKKEI  Mar17,NHH7,NHH7,NKY,NHH7,500,12,JPY,index points,09/03/2017,09/03/2017,09/03/2017,47,45,MAR 17,03/2017,MAR 17,Index,9,9,US,CE,CE,Y,TRUE
MND,Dec17,Z7,MNDZ7,COMB Index,MNDZ7 COMB Index,Japan,NIKKEI DIVIDEND,326.1,-0.4,42558,325.8,325.5,NIKKEI DIVIDEND,SGX Nikkei Dividend Index Future,Z,NIKKEI DIVIDEND   Dec16,SGX Nikkei Dividend Index Future,SG,SG,SINGAPORE,#N/A N/A,23/01/2017,06:55-20:45 & 23:30-06:25,17/06/2010,29/03/2018,SIMEX,MNDZ7,17098135,ND,07:05:01,#N/A Field Not Applicable,XSIM,MNDZ7 COMB,NIKKEI DIVIDEND   Dec17,NIKKEI DIVIDEND   Dec17,1,NIKKEI DIVIDEND   Dec17,MNDZ7 COMB,MNDZ7,NKYDIV,MNDZ7,10000,11,JPY,index points,01/04/2018,01/04/2018,29/03/2018,433,430,DEC 17,12/2017,DEC 17,Index,9,9,SI,SG,SG,Y,TRUE
NO,Mar17,H7,NOH7,COMB Index,NOH7 COMB Index,Japan,NIKKEI 225,15165,45,0.4,15210,15160,NIKKEI 225 MINI,OSE Nikkei 225 mini Future,FGHJKMNQUVXZ,NIKKEI 225 MINI   Sep16,OSE Nikkei 225 mini Future,JP,JP,JAPAN,JPS,23/01/2017,07:30-20:30 & 23:45-06:15,11/09/2015,09/03/2017,JAPAN,NOH7,54947644,NK225M,09:04:07,#N/A Field Not Applicable,XOSE,NOH7 COMB,NIKKEI 225 MINI   Mar17,NIKKEI 225 MINI   Mar17,1,NIKKEI 225 MINI   Mar17,NOH7 COMB,NOH7,NKY,NOH7,100,5,JPY,index points,10/03/2017,10/03/2017,09/03/2017,47,45,MAR 17,03/2017,MAR 17,Index,9,9,JN,OK,OK,Y,TRUE
JPW,Mar17,H7,JPWH7,COMB Index,JPWH7 COMB Index,Japan,JPX Nikkei 400,10930,25,0.399305556,10970,10930,JPNK400 Index Fut,OSE JPX-Nikkei Index 400 Futures,HMUZ,JPNK400 Index Fut Sep16,OSE JPX-Nikkei Index 400 Futures,JP,JP,JAPAN,#N/A N/A,23/01/2017,07:30-20:30 & 23:45-06:15,11/12/2015,09/03/2017,JAPAN,JPWH7,57599891,JN400,09:02:18,#N/A Field Not Applicable,XOSE,JPWH7 COMB,JPNK400 Index Fut Mar17,JPNK400 Index Fut Mar17,1,JPNK400 Index Fut Mar17,JPWH7 COMB,JPWH7,JPNK400,JPWH7,100,5,JPY,index points,10/03/2017,10/03/2017,09/03/2017,47,45,MAR 17,03/2017,MAR 17,Index,9,9,JN,OK,OK,Y,TRUE
IFB,Feb17,G7,IFBG7,Index,IFBG7 Index,China,CSI 300,3177.2,-6,0.333333333,3187.8,3163.6,CSI 300 IDX FUTUR,CSI 300 Futures,FGHJKMNQUVXZ,CSI 300 IDX FUTUR Jul16,CSI 300 Futures,CN,CN,CHINA,CHS,23/01/2017,01:30-03:30 & 05:00-07:00,19/12/2016,17/02/2017,CFFEX,IFBG7,68978391,IF,02:00:00,#N/A Field Not Applicable,CCFX,IFBG7,CSI 300 IDX FUTUR Feb17,CSI 300 IDX FUTUR Feb17,1,CSI 300 IDX FUTUR Feb17,IFBG7,IFBG7,SHSN300,IFBG7,300,4,CNY,index points,17/02/2017,17/02/2017,17/02/2017,27,25,FEB 17,02/2017,FEB 17,Index,9,9,CH,CH,CH,Y,TRUE
FFD,Feb17,G7,FFDG7,Index,FFDG7 Index,China,CSI 500,6277,9,0.333333333,6299,6226,CSI500 IDX Future,CSI500 Index Future,FGHJKMNQUVXZ,CSI500 IDX Future Jul16,CSI500 Index Future,CN,CN,CHINA,#N/A N/A,23/01/2017,01:30-03:30 & 05:00-07:00,19/12/2016,17/02/2017,CFFEX,FFDG7,68978388,IC,02:00:00,#N/A Field Not Applicable,CCFX,FFDG7,CSI500 IDX Future Feb17,CSI500 IDX Future Feb17,1,CSI500 IDX Future Feb17,FFDG7,FFDG7,SH000905,FFDG7,200,4,CNY,index points,17/02/2017,17/02/2017,17/02/2017,27,25,FEB 17,02/2017,FEB 17,Index,9,9,CH,CH,CH,Y,TRUE
XU,Feb17,G7,XUG7,COMB Index,XUG7 COMB Index,China,FTSE CHINA A50,9350,-7.5,0.40625,9355,9342.5,FTSE CHINA A50,SGX FTSE China A50 Futures Contract,FGHJKMNQUVXZ,FTSE CHINA A50    Jul16,SGX FTSE China A50 Futures Contract,CN,CN,CHINA,#N/A N/A,23/01/2017,09:00-20:45 & 01:00-08:35,30/11/2016,27/02/2017,SIMEX,XUG7,68402398,CN,09:10:04,#N/A Field Not Applicable,XSIM,XUG7 COMB,FTSE CHINA A50    Feb17,FTSE CHINA A50    Feb17,1,FTSE CHINA A50    Feb17,XUG7 COMB,XUG7,XIN9I,XUG7,1,6,USD,index points,27/02/2017,27/02/2017,27/02/2017,35,35,FEB 17,02/2017,FEB 17,Index,9,9,SI,SG,SG,Y,TRUE
CES,Feb17,G7,CESG7,Index,CESG7 Index,China,CES China 120,4671.5,25,42558,,,CES China 120 Fut,CES China 120 Index Futures,FGHJKMNQUVXZ,CES China 120 Fut Jul16,CES China 120 Index Futures,HK,HK,HONG KONG,#N/A N/A,23/01/2017,01:15-04:00 & 05:00-08:30,30/12/2016,27/02/2017,HONGKONG,CESG7,69529595,CHH,03:30:00,#N/A Field Not Applicable,XHKF,CESG7,CES China 120 Fut Feb17,CES China 120 Fut Feb17,1,CES China 120 Fut Feb17,CESG7,CESG7,CES120,CESG7,50,4,HKD,HKD x index,28/02/2017,28/02/2017,27/02/2017,35,35,FEB 17,02/2017,FEB 17,Index,9,9,HK,HO,HO,Y,TRUE
FFB,Feb17,G7,FFBG7,Index,FFBG7 Index,China,Shanghai 50 A,2140.2,-5.6,0.333333333,2145.4,2132.8,SSE50 Index Futur,SSE50 Index Future,FGHJKMNQUVXZ,SSE50 Index Futur Jul16,SSE50 Index Future,CN,CN,CHINA,#N/A N/A,23/01/2017,01:30-03:30 & 05:00-07:00,19/12/2016,17/02/2017,CFFEX,FFBG7,68978392,IH,02:00:00,#N/A Field Not Applicable,CCFX,FFBG7,SSE50 Index Futur Feb17,SSE50 Index Futur Feb17,1,SSE50 Index Futur Feb17,FFBG7,FFBG7,SSE50,FFBG7,300,4,CNY,index points,17/02/2017,17/02/2017,17/02/2017,27,25,FEB 17,02/2017,FEB 17,Index,9,9,CH,CH,CH,Y,TRUE
XP,Mar17,H7,XPH7,COMB Index,XPH7 COMB Index,Australia,S&P/ASX 200,5195,6,0.406944444,5203,5195,SPI 200 FUTURES,SFE S&P ASX Share Price Index 200 Future,HMUZ,SPI 200 FUTURES   Sep16,SFE S&P ASX Share Price Index 200 Future,AU,AU,AUSTRALIA,AUS,23/01/2017,06:10-21:00 & 22:50-05:30,18/09/2015,16/03/2017,SYDNEY,XPH7,55096795,AP,09:13:22,#N/A Field Not Applicable,XSFE,XPH7 COMB,SPI 200 FUTURES   Mar17,SPI 200 FUTURES   Mar17,1,SPI 200 FUTURES   Mar17,XPH7 COMB,XPH7,AS51,XPH7,25,8,AUD,index points,17/03/2017,17/03/2017,16/03/2017,53,52,MAR 17,03/2017,MAR 17,Index,9,9,AU,SF,SF,Y,TRUE
VPA,Mar17,H7,VPAH7,Index,VPAH7 Index,Australia,S&P/ASX 200 A-REIT,1490,-3,0.315972222,1493,1489,S&P/ASX200 A-REIT,S&P/ASX 200 Australian Real Estate Investment Trust A-REIT Index Futures,HMUZ,S&P/ASX200 A-REIT Sep16,S&P/ASX 200 Australian Real Estate Investment Trust A-REIT Index Futures,AU,AU,AUSTRALIA,#N/A N/A,23/01/2017,22:50-05:30,18/03/2016,16/03/2017,SYDNEY,VPAH7,60515377,AA,00:36:14,#N/A Field Not Applicable,XSFE,VPAH7,S&P/ASX200 A-REIT Mar17,S&P/ASX200 A-REIT Mar17,1,S&P/ASX200 A-REIT Mar17,VPAH7,VPAH7,AS51PROP,VPAH7,25,4,AUD,index points,20/03/2017,20/03/2017,16/03/2017,53,52,MAR 17,03/2017,MAR 17,Index,9,9,AU,SF,SF,Y,TRUE
